12-05-2015 18:01:08,,,,,,,,,,,
Iteration,Direction_Tx,Byte_All_Tx,Byte_Sequence_Tx,Value_Tx,Time_Tx,Direction_Rx,Byte_All_Rx,Byte_Sequence_Rx,Value_Rx,Time_Rx,Latency Tx -> Rx
1,Tx,11520,11520,0xff,1431453669.406726,Rx,11520,11520,0xff,1431453669.406726,0.0
2,Tx,23040,11520,0xff,1431453670.406734,Rx,23040,11520,0xff,1431453670.406734,0.0
3,Tx,34560,11520,0xff,1431453671.406742,Rx,34560,11520,0xff,1431453671.406742,0.0
4,Tx,46080,11520,0xff,1431453672.409747,Rx,46080,11520,0xff,1431453672.409747,0.0
5,Tx,57600,11520,0xff,1431453673.407756,Rx,57600,11520,0xff,1431453673.407756,0.0
6,Tx,69120,11520,0xff,1431453674.401263,Rx,69120,11520,0xff,1431453674.401263,0.0
7,Tx,80640,11520,0xff,1431453675.40427,Rx,80640,11520,0xff,1431453675.40427,0.0
8,Tx,92160,11520,0xff,1431453676.409277,Rx,92160,11520,0xff,1431453676.409277,0.0
9,Tx,103680,11520,0xff,1431453677.405784,Rx,103680,11520,0xff,1431453677.405784,0.0
10,Tx,115200,11520,0xff,1431453678.40629,Rx,115200,11520,0xff,1431453678.40629,0.0
11,Tx,126720,11520,0xff,1431453679.401298,Rx,126720,11520,0xff,1431453679.401298,0.0
12,Tx,138240,11520,0xff,1431453680.414306,Rx,138240,11520,0xff,1431453680.414306,0.0
13,Tx,149760,11520,0xff,1431453681.424312,Rx,149760,11520,0xff,1431453681.424312,0.0
14,Tx,161280,11520,0xff,1431453682.427318,Rx,161280,11520,0xff,1431453682.427318,0.0
15,Tx,172800,11520,0xff,1431453683.424825,Rx,172800,11520,0xff,1431453683.424825,0.0
16,Tx,184320,11520,0xff,1431453684.429833,Rx,184320,11520,0xff,1431453684.429833,0.0
17,Tx,195840,11520,0xff,1431453685.430841,Rx,195840,11520,0xff,1431453685.430841,0.0
18,Tx,207360,11520,0xff,1431453686.424347,Rx,207360,11520,0xff,1431453686.424347,0.0
19,Tx,218880,11520,0xff,1431453687.431353,Rx,218880,11520,0xff,1431453687.431353,0.0
20,Tx,230400,11520,0xff,1431453688.428362,Rx,230400,11520,0xff,1431453688.428362,0.0
21,Tx,241920,11520,0xff,1431453689.43187,Rx,241920,11520,0xff,1431453689.43187,0.0
22,Tx,253440,11520,0xff,1431453690.430376,Rx,253440,11520,0xff,1431453690.430376,0.0
23,Tx,264960,11520,0xff,1431453691.431881,Rx,264960,11520,0xff,1431453691.431881,0.0
24,Tx,276480,11520,0xff,1431453692.427889,Rx,276480,11520,0xff,1431453692.427889,0.0
25,Tx,288000,11520,0xff,1431453693.423398,Rx,288000,11520,0xff,1431453693.423398,0.0
26,Tx,299520,11520,0xff,1431453694.422907,Rx,299520,11520,0xff,1431453694.422907,0.0
27,Tx,311040,11520,0xff,1431453695.434419,Rx,311040,11520,0xff,1431453695.434419,0.0
28,Tx,322560,11520,0xff,1431453696.438428,Rx,322560,11520,0xff,1431453696.438428,0.0
29,Tx,334080,11520,0xff,1431453697.455936,Rx,334080,11520,0xff,1431453697.455936,0.0
30,Tx,345600,11520,0xff,1431453698.461943,Rx,345600,11520,0xff,1431453698.461943,0.0
31,Tx,357120,11520,0xff,1431453699.46395,Rx,357120,11520,0xff,1431453699.46395,0.0
32,Tx,368640,11520,0xff,1431453700.461958,Rx,368640,11520,0xff,1431453700.461958,0.0
33,Tx,380160,11520,0xff,1431453701.455965,Rx,380160,11520,0xff,1431453701.455965,0.0
34,Tx,391680,11520,0xff,1431453702.45647,Rx,391680,11520,0xff,1431453702.45847,2000.0934600830078
35,Tx,403200,11520,0xff,1431453703.474478,Rx,403200,11520,0xff,1431453703.474478,0.0
36,Tx,414720,11520,0xff,1431453704.488485,Rx,414720,11520,0xff,1431453704.488485,0.0
37,Tx,426240,11520,0xff,1431453705.510995,Rx,426240,11520,0xff,1431453705.510995,0.0
38,Tx,437760,11520,0xff,1431453706.507003,Rx,437760,11520,0xff,1431453706.507003,0.0
39,Tx,449280,11520,0xff,1431453707.51401,Rx,449280,11520,0xff,1431453707.51401,0.0
40,Tx,460800,11520,0xff,1431453708.512019,Rx,460800,11520,0xff,1431453708.512019,0.0
41,Tx,472320,11520,0xff,1431453709.507027,Rx,472320,11520,0xff,1431453709.507027,0.0
42,Tx,483840,11520,0xff,1431453710.505539,Rx,483840,11520,0xff,1431453710.505539,0.0
43,Tx,495360,11520,0xff,1431453711.505045,Rx,495360,11520,0xff,1431453711.505045,0.0
44,Tx,506880,11520,0xff,1431453712.506554,Rx,506880,11520,0xff,1431453712.506554,0.0
45,Tx,518400,11520,0xff,1431453713.511563,Rx,518400,11520,0xff,1431453713.511563,0.0
46,Tx,529920,11520,0xff,1431453714.506572,Rx,529920,11520,0xff,1431453714.506572,0.0
47,Tx,541440,11520,0xff,1431453715.513579,Rx,541440,11520,0xff,1431453715.513579,0.0
48,Tx,552960,11520,0xff,1431453716.513089,Rx,552960,11520,0xff,1431453716.513089,0.0
49,Tx,564480,11520,0xff,1431453717.509099,Rx,564480,11520,0xff,1431453717.509099,0.0
50,Tx,576000,11520,0xff,1431453718.506607,Rx,576000,11520,0xff,1431453718.506607,0.0
51,Tx,587520,11520,0xff,1431453719.506616,Rx,587520,11520,0xff,1431453719.506616,0.0
52,Tx,599040,11520,0xff,1431453720.513622,Rx,599040,11520,0xff,1431453720.513622,0.0
53,Tx,610560,11520,0xff,1431453721.511633,Rx,610560,11520,0xff,1431453721.511633,0.0
54,Tx,622080,11520,0xff,1431453722.50464,Rx,622080,11520,0xff,1431453722.50464,0.0
55,Tx,633600,11520,0xff,1431453723.511148,Rx,633600,11520,0xff,1431453723.511148,0.0
56,Tx,645120,11520,0xff,1431453724.509654,Rx,645120,11520,0xff,1431453724.509654,0.0
57,Tx,656640,11520,0xff,1431453725.505159,Rx,656640,11520,0xff,1431453725.505159,0.0
58,Tx,668160,11520,0xff,1431453726.518166,Rx,668160,11520,0xff,1431453726.518166,0.0
59,Tx,679680,11520,0xff,1431453727.537175,Rx,679680,11520,0xff,1431453727.538175,1000.1659393310547
60,Tx,691200,11520,0xff,1431453728.545684,Rx,691200,11520,0xff,1431453728.545684,0.0
61,Tx,702720,11520,0xff,1431453729.554195,Rx,702720,11520,0xff,1431453729.554195,0.0
62,Tx,714240,11520,0xff,1431453730.557206,Rx,714240,11520,0xff,1431453730.557206,0.0
63,Tx,725760,11520,0xff,1431453731.561216,Rx,725760,11520,0xff,1431453731.561216,0.0
64,Tx,737280,11520,0xff,1431453732.585722,Rx,737280,11520,0xff,1431453732.585722,0.0
65,Tx,748800,11520,0xff,1431453733.585728,Rx,748800,11520,0xff,1431453733.585728,0.0
66,Tx,760320,11520,0xff,1431453734.582237,Rx,760320,11520,0xff,1431453734.582237,0.0
67,Tx,771840,11520,0xff,1431453735.583242,Rx,771840,11520,0xff,1431453735.583242,0.0
68,Tx,783360,11520,0xff,1431453736.579249,Rx,783360,11520,0xff,1431453736.579249,0.0
69,Tx,794880,11520,0xff,1431453737.596258,Rx,794880,11520,0xff,1431453737.596258,0.0
70,Tx,806400,11520,0xff,1431453738.590765,Rx,806400,11520,0xff,1431453738.590765,0.0
71,Tx,817920,11520,0xff,1431453739.597275,Rx,817920,11520,0xff,1431453739.597275,0.0
72,Tx,829440,11520,0xff,1431453740.593287,Rx,829440,11520,0xff,1431453740.593287,0.0
73,Tx,840960,11520,0xff,1431453741.592296,Rx,840960,11520,0xff,1431453741.592296,0.0
74,Tx,852480,11520,0xff,1431453742.591302,Rx,852480,11520,0xff,1431453742.591302,0.0
75,Tx,864000,11520,0xff,1431453743.59381,Rx,864000,11520,0xff,1431453743.59381,0.0
76,Tx,875520,11520,0xff,1431453744.589816,Rx,875520,11520,0xff,1431453744.589816,0.0
77,Tx,887040,11520,0xff,1431453745.591327,Rx,887040,11520,0xff,1431453745.591327,0.0
78,Tx,898560,11520,0xff,1431453746.589834,Rx,898560,11520,0xff,1431453746.589834,0.0
79,Tx,910080,11520,0xff,1431453747.59084,Rx,910080,11520,0xff,1431453747.59084,0.0
80,Tx,921600,11520,0xff,1431453748.595844,Rx,921600,11520,0xff,1431453748.595844,0.0
81,Tx,933120,11520,0xff,1431453749.604353,Rx,933120,11520,0xff,1431453749.604353,0.0
82,Tx,944640,11520,0xff,1431453750.623859,Rx,944640,11520,0xff,1431453750.623859,0.0
83,Tx,956160,11520,0xff,1431453751.641864,Rx,956160,11520,0xff,1431453751.641864,0.0
84,Tx,967680,11520,0xff,1431453752.642369,Rx,967680,11520,0xff,1431453752.642369,0.0
85,Tx,979200,11520,0xff,1431453753.642377,Rx,979200,11520,0xff,1431453753.642377,0.0
86,Tx,990720,11520,0xff,1431453754.645385,Rx,990720,11520,0xff,1431453754.645385,0.0
87,Tx,1002240,11520,0xff,1431453755.64639,Rx,1002240,11520,0xff,1431453755.64639,0.0
88,Tx,1013760,11520,0xff,1431453756.641898,Rx,1013760,11520,0xff,1431453756.641898,0.0
89,Tx,1025280,11520,0xff,1431453757.646906,Rx,1025280,11520,0xff,1431453757.646906,0.0
90,Tx,1036800,11520,0xff,1431453758.642918,Rx,1036800,11520,0xff,1431453758.642918,0.0
91,Tx,1048320,11520,0xff,1431453759.640925,Rx,1048320,11520,0xff,1431453759.640925,0.0
92,Tx,1059840,11520,0xff,1431453760.643446,Rx,1059840,11520,0xff,1431453760.643446,0.0
93,Tx,1071360,11520,0xff,1431453761.644469,Rx,1071360,11520,0xff,1431453761.644469,0.0
94,Tx,1082880,11520,0xff,1431453762.643979,Rx,1082880,11520,0xff,1431453762.643979,0.0
95,Tx,1094400,11520,0xff,1431453763.642986,Rx,1094400,11520,0xff,1431453763.642986,0.0
96,Tx,1105920,11520,0xff,1431453764.642491,Rx,1105920,11520,0xff,1431453764.642491,0.0
97,Tx,1117440,11520,0xff,1431453765.640999,Rx,1117440,11520,0xff,1431453765.640999,0.0
98,Tx,1128960,11520,0xff,1431453766.640505,Rx,1128960,11520,0xff,1431453766.640505,0.0
99,Tx,1140480,11520,0xff,1431453767.64102,Rx,1140480,11520,0xff,1431453767.64102,0.0
100,Tx,1152000,11520,0xff,1431453768.648544,Rx,1152000,11520,0xff,1431453768.648544,0.0
101,Tx,1163520,11520,0xff,1431453769.664082,Rx,1163520,11520,0xff,1431453769.664082,0.0
102,Tx,1175040,11520,0xff,1431453770.65612,Rx,1175040,11520,0xff,1431453770.65612,0.0
103,Tx,1186560,11520,0xff,1431453771.656175,Rx,1186560,11520,0xff,1431453771.656175,0.0
104,Tx,1198080,11520,0xff,1431453772.664717,Rx,1198080,11520,0xff,1431453772.664717,0.0
105,Tx,1209600,11520,0xff,1431453773.675253,Rx,1209600,11520,0xff,1431453773.675253,0.0
106,Tx,1221120,11520,0xff,1431453774.690785,Rx,1221120,11520,0xff,1431453774.690785,0.0
107,Tx,1232640,11520,0xff,1431453775.68483,Rx,1232640,11520,0xff,1431453775.68483,0.0
108,Tx,1244160,11520,0xff,1431453776.701888,Rx,1244160,11520,0xff,1431453776.701888,0.0
109,Tx,1255680,11520,0xff,1431453777.708946,Rx,1255680,11520,0xff,1431453777.708946,0.0
110,Tx,1267200,11520,0xff,1431453778.722982,Rx,1267200,11520,0xff,1431453778.722982,0.0
111,Tx,1278720,11520,0xff,1431453779.716991,Rx,1278720,11520,0xff,1431453779.716991,0.0
112,Tx,1290240,11520,0xff,1431453780.725999,Rx,1290240,11520,0xff,1431453780.725999,0.0
113,Tx,1301760,11520,0xff,1431453781.742011,Rx,1301760,11520,0xff,1431453781.742011,0.0
114,Tx,1313280,11520,0xff,1431453782.741028,Rx,1313280,11520,0xff,1431453782.741028,0.0
115,Tx,1324800,11520,0xff,1431453783.735533,Rx,1324800,11520,0xff,1431453783.735533,0.0
116,Tx,1336320,11520,0xff,1431453784.756539,Rx,1336320,11520,0xff,1431453784.757539,999.9275207519531
117,Tx,1347840,11520,0xff,1431453785.762061,Rx,1347840,11520,0xff,1431453785.762061,0.0
118,Tx,1359360,11520,0xff,1431453786.770118,Rx,1359360,11520,0xff,1431453786.770118,0.0
119,Tx,1370880,11520,0xff,1431453787.78513,Rx,1370880,11520,0xff,1431453787.78513,0.0
120,Tx,1382400,11520,0xff,1431453788.779643,Rx,1382400,11520,0xff,1431453788.779643,0.0
121,Tx,1393920,11520,0xff,1431453789.787169,Rx,1393920,11520,0xff,1431453789.787169,0.0
122,Tx,1405440,11520,0xff,1431453790.795201,Rx,1405440,11520,0xff,1431453790.795201,0.0
123,Tx,1416960,11520,0xff,1431453791.802212,Rx,1416960,11520,0xff,1431453791.802212,0.0
124,Tx,1428480,11520,0xff,1431453792.816766,Rx,1428480,11520,0xff,1431453792.816766,0.0
125,Tx,1440000,11520,0xff,1431453793.823822,Rx,1440000,11520,0xff,1431453793.823822,0.0
126,Tx,1451520,11520,0xff,1431453794.831377,Rx,1451520,11520,0xff,1431453794.831377,0.0
127,Tx,1463040,11520,0xff,1431453795.838425,Rx,1463040,11520,0xff,1431453795.838425,0.0
128,Tx,1474560,11520,0xff,1431453796.849445,Rx,1474560,11520,0xff,1431453796.849445,0.0
129,Tx,1486080,11520,0xff,1431453797.856464,Rx,1486080,11520,0xff,1431453797.856464,0.0
130,Tx,1497600,11520,0xff,1431453798.865995,Rx,1497600,11520,0xff,1431453798.865995,0.0
131,Tx,1509120,11520,0xff,1431453799.871015,Rx,1509120,11520,0xff,1431453799.871015,0.0
132,Tx,1520640,11520,0xff,1431453800.865531,Rx,1520640,11520,0xff,1431453800.865531,0.0
133,Tx,1532160,11520,0xff,1431453801.863554,Rx,1532160,11520,0xff,1431453801.863554,0.0
134,Tx,1543680,11520,0xff,1431453802.871073,Rx,1543680,11520,0xff,1431453802.871073,0.0
135,Tx,1555200,11520,0xff,1431453803.871582,Rx,1555200,11520,0xff,1431453803.871582,0.0
136,Tx,1566720,11520,0xff,1431453804.877092,Rx,1566720,11520,0xff,1431453804.877092,0.0
137,Tx,1578240,11520,0xff,1431453805.876601,Rx,1578240,11520,0xff,1431453805.876601,0.0
138,Tx,1589760,11520,0xff,1431453806.875109,Rx,1589760,11520,0xff,1431453806.875109,0.0
139,Tx,1601280,11520,0xff,1431453807.877619,Rx,1601280,11520,0xff,1431453807.877619,0.0
140,Tx,1612800,11520,0xff,1431453808.87263,Rx,1612800,11520,0xff,1431453808.87263,0.0
141,Tx,1624320,11520,0xff,1431453809.875136,Rx,1624320,11520,0xff,1431453809.875136,0.0
142,Tx,1635840,11520,0xff,1431453810.893648,Rx,1635840,11520,0xff,1431453810.893648,0.0
143,Tx,1647360,11520,0xff,1431453811.884657,Rx,1647360,11520,0xff,1431453811.884657,0.0
144,Tx,1658880,11520,0xff,1431453812.898169,Rx,1658880,11520,0xff,1431453812.898169,0.0
145,Tx,1670400,11520,0xff,1431453813.92418,Rx,1670400,11520,0xff,1431453813.92418,0.0
146,Tx,1681920,11520,0xff,1431453814.916192,Rx,1681920,11520,0xff,1431453814.916192,0.0
147,Tx,1693440,11520,0xff,1431453815.922202,Rx,1693440,11520,0xff,1431453815.922202,0.0
148,Tx,1704960,11520,0xff,1431453816.921212,Rx,1704960,11520,0xff,1431453816.921212,0.0
149,Tx,1716480,11520,0xff,1431453817.915721,Rx,1716480,11520,0xff,1431453817.915721,0.0
150,Tx,1728000,11520,0xff,1431453818.916234,Rx,1728000,11520,0xff,1431453818.916234,0.0
151,Tx,1739520,11520,0xff,1431453819.923245,Rx,1739520,11520,0xff,1431453819.923245,0.0
152,Tx,1751040,11520,0xff,1431453820.930256,Rx,1751040,11520,0xff,1431453820.930256,0.0
153,Tx,1762560,11520,0xff,1431453821.942266,Rx,1762560,11520,0xff,1431453821.942266,0.0
154,Tx,1774080,11520,0xff,1431453822.937273,Rx,1774080,11520,0xff,1431453822.937273,0.0
155,Tx,1785600,11520,0xff,1431453823.937784,Rx,1785600,11520,0xff,1431453823.937784,0.0
156,Tx,1797120,11520,0xff,1431453824.944295,Rx,1797120,11520,0xff,1431453824.944295,0.0
157,Tx,1808640,11520,0xff,1431453825.943306,Rx,1808640,11520,0xff,1431453825.943306,0.0
158,Tx,1820160,11520,0xff,1431453826.937315,Rx,1820160,11520,0xff,1431453826.937315,0.0
159,Tx,1831680,11520,0xff,1431453827.937337,Rx,1831680,11520,0xff,1431453827.937337,0.0
160,Tx,1843200,11520,0xff,1431453828.938851,Rx,1843200,11520,0xff,1431453828.938851,0.0
161,Tx,1854720,11520,0xff,1431453829.94436,Rx,1854720,11520,0xff,1431453829.94436,0.0
162,Tx,1866240,11520,0xff,1431453830.937867,Rx,1866240,11520,0xff,1431453830.937867,0.0
163,Tx,1877760,11520,0xff,1431453831.943874,Rx,1877760,11520,0xff,1431453831.943874,0.0
164,Tx,1889280,11520,0xff,1431453832.942382,Rx,1889280,11520,0xff,1431453832.942382,0.0
165,Tx,1900800,11520,0xff,1431453833.939891,Rx,1900800,11520,0xff,1431453833.939891,0.0
166,Tx,1912320,11520,0xff,1431453834.940901,Rx,1912320,11520,0xff,1431453834.940901,0.0
167,Tx,1923840,11520,0xff,1431453835.939906,Rx,1923840,11520,0xff,1431453835.939906,0.0
168,Tx,1935360,11520,0xff,1431453836.937914,Rx,1935360,11520,0xff,1431453836.937914,0.0
169,Tx,1946880,11520,0xff,1431453837.950423,Rx,1946880,11520,0xff,1431453837.950423,0.0
170,Tx,1958400,11520,0xff,1431453838.95343,Rx,1958400,11520,0xff,1431453838.95343,0.0
171,Tx,1969920,11520,0xff,1431453839.953436,Rx,1969920,11520,0xff,1431453839.953436,0.0
172,Tx,1981440,11520,0xff,1431453840.94498,Rx,1981440,11520,0xff,1431453840.94498,0.0
173,Tx,1992960,11520,0xff,1431453841.952038,Rx,1992960,11520,0xff,1431453841.952038,0.0
174,Tx,2004480,11520,0xff,1431453842.959581,Rx,2004480,11520,0xff,1431453842.959581,0.0
175,Tx,2016000,11520,0xff,1431453843.97159,Rx,2016000,11520,0xff,1431453843.97159,0.0
176,Tx,2027520,11520,0xff,1431453844.9906,Rx,2027520,11520,0xff,1431453844.9906,0.0
177,Tx,2039040,11520,0xff,1431453846.014607,Rx,2039040,11520,0xff,1431453846.014607,0.0
178,Tx,2050560,11520,0xff,1431453847.007615,Rx,2050560,11520,0xff,1431453847.007615,0.0
179,Tx,2062080,11520,0xff,1431453848.014164,Rx,2062080,11520,0xff,1431453848.014164,0.0
180,Tx,2073600,11520,0xff,1431453849.006676,Rx,2073600,11520,0xff,1431453849.006676,0.0
181,Tx,2085120,11520,0xff,1431453850.014684,Rx,2085120,11520,0xff,1431453850.014684,0.0
182,Tx,2096640,11520,0xff,1431453851.031193,Rx,2096640,11520,0xff,1431453851.031193,0.0
183,Tx,2108160,11520,0xff,1431453852.0302,Rx,2108160,11520,0xff,1431453852.0302,0.0
184,Tx,2119680,11520,0xff,1431453853.022208,Rx,2119680,11520,0xff,1431453853.022208,0.0
185,Tx,2131200,11520,0xff,1431453854.024214,Rx,2131200,11520,0xff,1431453854.024214,0.0
186,Tx,2142720,11520,0xff,1431453855.027224,Rx,2142720,11520,0xff,1431453855.027224,0.0
187,Tx,2154240,11520,0xff,1431453856.028233,Rx,2154240,11520,0xff,1431453856.028233,0.0
188,Tx,2165760,11520,0xff,1431453857.031245,Rx,2165760,11520,0xff,1431453857.031245,0.0
189,Tx,2177280,11520,0xff,1431453858.030257,Rx,2177280,11520,0xff,1431453858.030257,0.0
190,Tx,2188800,11520,0xff,1431453859.027266,Rx,2188800,11520,0xff,1431453859.027266,0.0
191,Tx,2200320,11520,0xff,1431453860.029774,Rx,2200320,11520,0xff,1431453860.029774,0.0
192,Tx,2211840,11520,0xff,1431453861.029281,Rx,2211840,11520,0xff,1431453861.029281,0.0
193,Tx,2223360,11520,0xff,1431453862.023289,Rx,2223360,11520,0xff,1431453862.023289,0.0
194,Tx,2234880,11520,0xff,1431453863.022294,Rx,2234880,11520,0xff,1431453863.022294,0.0
195,Tx,2246400,11520,0xff,1431453864.027305,Rx,2246400,11520,0xff,1431453864.027305,0.0
196,Tx,2257920,11520,0xff,1431453865.021814,Rx,2257920,11520,0xff,1431453865.021814,0.0
197,Tx,2269440,11520,0xff,1431453866.022824,Rx,2269440,11520,0xff,1431453866.022824,0.0
198,Tx,2280960,11520,0xff,1431453867.02233,Rx,2280960,11520,0xff,1431453867.02233,0.0
199,Tx,2292480,11520,0xff,1431453868.029338,Rx,2292480,11520,0xff,1431453868.029338,0.0
200,Tx,2304000,11520,0xff,1431453869.040348,Rx,2304000,11520,0xff,1431453869.040348,0.0
201,Tx,2315520,11520,0xff,1431453870.056355,Rx,2315520,11520,0xff,1431453870.056355,0.0
202,Tx,2327040,11520,0xff,1431453871.072365,Rx,2327040,11520,0xff,1431453871.072365,0.0
203,Tx,2338560,11520,0xff,1431453872.081875,Rx,2338560,11520,0xff,1431453872.082875,999.9275207519531
204,Tx,2350080,11520,0xff,1431453873.094384,Rx,2350080,11520,0xff,1431453873.094384,0.0
205,Tx,2361600,11520,0xff,1431453874.090396,Rx,2361600,11520,0xff,1431453874.090396,0.0
206,Tx,2373120,11520,0xff,1431453875.096907,Rx,2373120,11520,0xff,1431453875.096907,0.0
207,Tx,2384640,11520,0xff,1431453876.100914,Rx,2384640,11520,0xff,1431453876.100914,0.0
208,Tx,2396160,11520,0xff,1431453877.099422,Rx,2396160,11520,0xff,1431453877.099422,0.0
209,Tx,2407680,11520,0xff,1431453878.099433,Rx,2407680,11520,0xff,1431453878.099433,0.0
210,Tx,2419200,11520,0xff,1431453879.101444,Rx,2419200,11520,0xff,1431453879.101444,0.0
211,Tx,2430720,11520,0xff,1431453880.100954,Rx,2430720,11520,0xff,1431453880.100954,0.0
212,Tx,2442240,11520,0xff,1431453881.095461,Rx,2442240,11520,0xff,1431453881.095461,0.0
213,Tx,2453760,11520,0xff,1431453882.104969,Rx,2453760,11520,0xff,1431453882.104969,0.0
214,Tx,2465280,11520,0xff,1431453883.103977,Rx,2465280,11520,0xff,1431453883.103977,0.0
215,Tx,2476800,11520,0xff,1431453884.096985,Rx,2476800,11520,0xff,1431453884.096985,0.0
216,Tx,2488320,11520,0xff,1431453885.097495,Rx,2488320,11520,0xff,1431453885.097495,0.0
217,Tx,2499840,11520,0xff,1431453886.1045,Rx,2499840,11520,0xff,1431453886.1045,0.0
218,Tx,2511360,11520,0xff,1431453887.09552,Rx,2511360,11520,0xff,1431453887.09552,0.0
219,Tx,2522880,11520,0xff,1431453888.102546,Rx,2522880,11520,0xff,1431453888.102546,0.0
220,Tx,2534400,11520,0xff,1431453889.106588,Rx,2534400,11520,0xff,1431453889.106588,0.0
221,Tx,2545920,11520,0xff,1431453890.102606,Rx,2545920,11520,0xff,1431453890.102606,0.0
222,Tx,2557440,11520,0xff,1431453891.109622,Rx,2557440,11520,0xff,1431453891.109622,0.0
223,Tx,2568960,11520,0xff,1431453892.116667,Rx,2568960,11520,0xff,1431453892.116667,0.0
224,Tx,2580480,11520,0xff,1431453893.123704,Rx,2580480,11520,0xff,1431453893.123704,0.0
225,Tx,2592000,11520,0xff,1431453894.130721,Rx,2592000,11520,0xff,1431453894.130721,0.0
226,Tx,2603520,11520,0xff,1431453895.137739,Rx,2603520,11520,0xff,1431453895.137739,0.0
227,Tx,2615040,11520,0xff,1431453896.130755,Rx,2615040,11520,0xff,1431453896.130755,0.0
228,Tx,2626560,11520,0xff,1431453897.130775,Rx,2626560,11520,0xff,1431453897.130775,0.0
229,Tx,2638080,11520,0xff,1431453898.130795,Rx,2638080,11520,0xff,1431453898.130795,0.0
230,Tx,2649600,11520,0xff,1431453899.137828,Rx,2649600,11520,0xff,1431453899.137828,0.0
231,Tx,2661120,11520,0xff,1431453900.14485,Rx,2661120,11520,0xff,1431453900.14485,0.0
232,Tx,2672640,11520,0xff,1431453901.159864,Rx,2672640,11520,0xff,1431453901.159864,0.0
233,Tx,2684160,11520,0xff,1431453902.156872,Rx,2684160,11520,0xff,1431453902.156872,0.0
234,Tx,2695680,11520,0xff,1431453903.156878,Rx,2695680,11520,0xff,1431453903.156878,0.0
235,Tx,2707200,11520,0xff,1431453904.153883,Rx,2707200,11520,0xff,1431453904.153883,0.0
236,Tx,2718720,11520,0xff,1431453905.160889,Rx,2718720,11520,0xff,1431453905.160889,0.0
237,Tx,2730240,11520,0xff,1431453906.154894,Rx,2730240,11520,0xff,1431453906.155894,999.9275207519531
238,Tx,2741760,11520,0xff,1431453907.158901,Rx,2741760,11520,0xff,1431453907.158901,0.0
239,Tx,2753280,11520,0xff,1431453908.154904,Rx,2753280,11520,0xff,1431453908.154904,0.0
240,Tx,2764800,11520,0xff,1431453909.153914,Rx,2764800,11520,0xff,1431453909.153914,0.0
241,Tx,2776320,11520,0xff,1431453910.15892,Rx,2776320,11520,0xff,1431453910.15892,0.0
242,Tx,2787840,11520,0xff,1431453911.159927,Rx,2787840,11520,0xff,1431453911.159927,0.0
243,Tx,2799360,11520,0xff,1431453912.160935,Rx,2799360,11520,0xff,1431453912.160935,0.0
244,Tx,2810880,11520,0xff,1431453913.15794,Rx,2810880,11520,0xff,1431453913.15794,0.0
245,Tx,2822400,11520,0xff,1431453914.153942,Rx,2822400,11520,0xff,1431453914.154942,999.9275207519531
246,Tx,2833920,11520,0xff,1431453915.165948,Rx,2833920,11520,0xff,1431453915.165948,0.0
247,Tx,2845440,11520,0xff,1431453916.170952,Rx,2845440,11520,0xff,1431453916.170952,0.0
248,Tx,2856960,11520,0xff,1431453917.16596,Rx,2856960,11520,0xff,1431453917.16596,0.0
249,Tx,2868480,11520,0xff,1431453918.161985,Rx,2868480,11520,0xff,1431453918.161985,0.0
250,Tx,2880000,11520,0xff,1431453919.169043,Rx,2880000,11520,0xff,1431453919.169043,0.0
251,Tx,2891520,11520,0xff,1431453920.178065,Rx,2891520,11520,0xff,1431453920.178065,0.0
252,Tx,2903040,11520,0xff,1431453921.185074,Rx,2903040,11520,0xff,1431453921.185074,0.0
253,Tx,2914560,11520,0xff,1431453922.178081,Rx,2914560,11520,0xff,1431453922.178081,0.0
254,Tx,2926080,11520,0xff,1431453923.176096,Rx,2926080,11520,0xff,1431453923.176096,0.0
255,Tx,2937600,11520,0xff,1431453924.181105,Rx,2937600,11520,0xff,1431453924.181105,0.0
256,Tx,2949120,11520,0xff,1431453925.183113,Rx,2949120,11520,0xff,1431453925.183113,0.0
257,Tx,2960640,11520,0xff,1431453926.181116,Rx,2960640,11520,0xff,1431453926.181116,0.0
258,Tx,2972160,11520,0xff,1431453927.184125,Rx,2972160,11520,0xff,1431453927.184125,0.0
259,Tx,2983680,11520,0xff,1431453928.176142,Rx,2983680,11520,0xff,1431453928.176142,0.0
260,Tx,2995200,11520,0xff,1431453929.189169,Rx,2995200,11520,0xff,1431453929.189169,0.0
261,Tx,3006720,11520,0xff,1431453930.187174,Rx,3006720,11520,0xff,1431453930.187174,0.0
262,Tx,3018240,11520,0xff,1431453931.186179,Rx,3018240,11520,0xff,1431453931.186179,0.0
263,Tx,3029760,11520,0xff,1431453932.183189,Rx,3029760,11520,0xff,1431453932.183189,0.0
264,Tx,3041280,11520,0xff,1431453933.191196,Rx,3041280,11520,0xff,1431453933.191196,0.0
265,Tx,3052800,11520,0xff,1431453934.216205,Rx,3052800,11520,0xff,1431453934.216205,0.0
266,Tx,3064320,11520,0xff,1431453935.20921,Rx,3064320,11520,0xff,1431453935.20921,0.0
267,Tx,3075840,11520,0xff,1431453936.214717,Rx,3075840,11520,0xff,1431453936.214717,0.0
268,Tx,3087360,11520,0xff,1431453937.209234,Rx,3087360,11520,0xff,1431453937.210234,999.9275207519531
269,Tx,3098880,11520,0xff,1431453938.222741,Rx,3098880,11520,0xff,1431453938.222741,0.0
270,Tx,3110400,11520,0xff,1431453939.219246,Rx,3110400,11520,0xff,1431453939.219246,0.0
271,Tx,3121920,11520,0xff,1431453940.219255,Rx,3121920,11520,0xff,1431453940.219255,0.0
272,Tx,3133440,11520,0xff,1431453941.227765,Rx,3133440,11520,0xff,1431453941.227765,0.0
273,Tx,3144960,11520,0xff,1431453942.220772,Rx,3144960,11520,0xff,1431453942.220772,0.0
274,Tx,3156480,11520,0xff,1431453943.220278,Rx,3156480,11520,0xff,1431453943.220278,0.0
275,Tx,3168000,11520,0xff,1431453944.219784,Rx,3168000,11520,0xff,1431453944.219784,0.0
276,Tx,3179520,11520,0xff,1431453945.226792,Rx,3179520,11520,0xff,1431453945.226792,0.0
277,Tx,3191040,11520,0xff,1431453946.223302,Rx,3191040,11520,0xff,1431453946.223302,0.0
278,Tx,3202560,11520,0xff,1431453947.222811,Rx,3202560,11520,0xff,1431453947.222811,0.0
279,Tx,3214080,11520,0xff,1431453948.225318,Rx,3214080,11520,0xff,1431453948.225318,0.0
280,Tx,3225600,11520,0xff,1431453949.224825,Rx,3225600,11520,0xff,1431453949.224825,0.0
281,Tx,3237120,11520,0xff,1431453950.243831,Rx,3237120,11520,0xff,1431453950.243831,0.0
282,Tx,3248640,11520,0xff,1431453951.242339,Rx,3248640,11520,0xff,1431453951.242339,0.0
283,Tx,3260160,11520,0xff,1431453952.250846,Rx,3260160,11520,0xff,1431453952.250846,0.0
284,Tx,3271680,11520,0xff,1431453953.244853,Rx,3271680,11520,0xff,1431453953.244853,0.0
285,Tx,3283200,11520,0xff,1431453954.242362,Rx,3283200,11520,0xff,1431453954.242362,0.0
286,Tx,3294720,11520,0xff,1431453955.251402,Rx,3294720,11520,0xff,1431453955.251402,0.0
287,Tx,3306240,11520,0xff,1431453956.257431,Rx,3306240,11520,0xff,1431453956.257431,0.0
288,Tx,3317760,11520,0xff,1431453957.250464,Rx,3317760,11520,0xff,1431453957.250464,0.0
289,Tx,3329280,11520,0xff,1431453958.262979,Rx,3329280,11520,0xff,1431453958.262979,0.0
290,Tx,3340800,11520,0xff,1431453959.280022,Rx,3340800,11520,0xff,1431453959.280022,0.0
291,Tx,3352320,11520,0xff,1431453960.294038,Rx,3352320,11520,0xff,1431453960.294038,0.0
292,Tx,3363840,11520,0xff,1431453961.287551,Rx,3363840,11520,0xff,1431453961.287551,0.0
293,Tx,3375360,11520,0xff,1431453962.299059,Rx,3375360,11520,0xff,1431453962.299059,0.0
294,Tx,3386880,11520,0xff,1431453963.299568,Rx,3386880,11520,0xff,1431453963.299568,0.0
295,Tx,3398400,11520,0xff,1431453964.300077,Rx,3398400,11520,0xff,1431453964.300077,0.0
296,Tx,3409920,11520,0xff,1431453965.299588,Rx,3409920,11520,0xff,1431453965.299588,0.0
297,Tx,3421440,11520,0xff,1431453966.300596,Rx,3421440,11520,0xff,1431453966.300596,0.0
298,Tx,3432960,11520,0xff,1431453967.294648,Rx,3432960,11520,0xff,1431453967.294648,0.0
299,Tx,3444480,11520,0xff,1431453968.301683,Rx,3444480,11520,0xff,1431453968.301683,0.0
300,Tx,3456000,11520,0xff,1431453969.308697,Rx,3456000,11520,0xff,1431453969.308697,0.0
301,Tx,3467520,11520,0xff,1431453970.315209,Rx,3467520,11520,0xff,1431453970.315209,0.0
302,Tx,3479040,11520,0xff,1431453971.316724,Rx,3479040,11520,0xff,1431453971.316724,0.0
303,Tx,3490560,11520,0xff,1431453972.317234,Rx,3490560,11520,0xff,1431453972.317234,0.0
304,Tx,3502080,11520,0xff,1431453973.317742,Rx,3502080,11520,0xff,1431453973.317742,0.0
305,Tx,3513600,11520,0xff,1431453974.309268,Rx,3513600,11520,0xff,1431453974.309268,0.0
306,Tx,3525120,11520,0xff,1431453975.320278,Rx,3525120,11520,0xff,1431453975.320278,0.0
307,Tx,3536640,11520,0xff,1431453976.319286,Rx,3536640,11520,0xff,1431453976.319286,0.0
308,Tx,3548160,11520,0xff,1431453977.322294,Rx,3548160,11520,0xff,1431453977.322294,0.0
309,Tx,3559680,11520,0xff,1431453978.320303,Rx,3559680,11520,0xff,1431453978.320303,0.0
310,Tx,3571200,11520,0xff,1431453979.32181,Rx,3571200,11520,0xff,1431453979.32181,0.0
311,Tx,3582720,11520,0xff,1431453980.327318,Rx,3582720,11520,0xff,1431453980.327318,0.0
312,Tx,3594240,11520,0xff,1431453981.327826,Rx,3594240,11520,0xff,1431453981.327826,0.0
313,Tx,3605760,11520,0xff,1431453982.319334,Rx,3605760,11520,0xff,1431453982.319334,0.0
314,Tx,3617280,11520,0xff,1431453983.329392,Rx,3617280,11520,0xff,1431453983.329392,0.0
315,Tx,3628800,11520,0xff,1431453984.338444,Rx,3628800,11520,0xff,1431453984.338444,0.0
316,Tx,3640320,11520,0xff,1431453985.345979,Rx,3640320,11520,0xff,1431453985.345979,0.0
317,Tx,3651840,11520,0xff,1431453986.353025,Rx,3651840,11520,0xff,1431453986.353025,0.0
318,Tx,3663360,11520,0xff,1431453987.365075,Rx,3663360,11520,0xff,1431453987.365075,0.0
319,Tx,3674880,11520,0xff,1431453988.375112,Rx,3674880,11520,0xff,1431453988.375112,0.0
320,Tx,3686400,11520,0xff,1431453989.375147,Rx,3686400,11520,0xff,1431453989.375147,0.0
321,Tx,3697920,11520,0xff,1431453990.386182,Rx,3697920,11520,0xff,1431453990.386182,0.0
322,Tx,3709440,11520,0xff,1431453991.391191,Rx,3709440,11520,0xff,1431453991.391191,0.0
323,Tx,3720960,11520,0xff,1431453992.383703,Rx,3720960,11520,0xff,1431453992.383703,0.0
324,Tx,3732480,11520,0xff,1431453993.383709,Rx,3732480,11520,0xff,1431453993.383709,0.0
325,Tx,3744000,11520,0xff,1431453994.390733,Rx,3744000,11520,0xff,1431453994.390733,0.0
326,Tx,3755520,11520,0xff,1431453995.398755,Rx,3755520,11520,0xff,1431453995.398755,0.0
327,Tx,3767040,11520,0xff,1431453996.405258,Rx,3767040,11520,0xff,1431453996.405258,0.0
328,Tx,3778560,11520,0xff,1431453997.405265,Rx,3778560,11520,0xff,1431453997.405265,0.0
329,Tx,3790080,11520,0xff,1431453998.397768,Rx,3790080,11520,0xff,1431453998.397768,0.0
330,Tx,3801600,11520,0xff,1431453999.405272,Rx,3801600,11520,0xff,1431453999.405272,0.0
331,Tx,3813120,11520,0xff,1431454000.406279,Rx,3813120,11520,0xff,1431454000.406279,0.0
332,Tx,3824640,11520,0xff,1431454001.397802,Rx,3824640,11520,0xff,1431454001.397802,0.0
333,Tx,3836160,11520,0xff,1431454002.409345,Rx,3836160,11520,0xff,1431454002.409345,0.0
334,Tx,3847680,11520,0xff,1431454003.419381,Rx,3847680,11520,0xff,1431454003.419381,0.0
335,Tx,3859200,11520,0xff,1431454004.4194,Rx,3859200,11520,0xff,1431454004.4194,0.0
336,Tx,3870720,11520,0xff,1431454005.423409,Rx,3870720,11520,0xff,1431454005.423409,0.0
337,Tx,3882240,11520,0xff,1431454006.420921,Rx,3882240,11520,0xff,1431454006.420921,0.0
338,Tx,3893760,11520,0xff,1431454007.418429,Rx,3893760,11520,0xff,1431454007.418429,0.0
339,Tx,3905280,11520,0xff,1431454008.418433,Rx,3905280,11520,0xff,1431454008.418433,0.0
340,Tx,3916800,11520,0xff,1431454009.425942,Rx,3916800,11520,0xff,1431454009.425942,0.0
341,Tx,3928320,11520,0xff,1431454010.43845,Rx,3928320,11520,0xff,1431454010.43845,0.0
342,Tx,3939840,11520,0xff,1431454011.435958,Rx,3939840,11520,0xff,1431454011.435958,0.0
343,Tx,3951360,11520,0xff,1431454012.433963,Rx,3951360,11520,0xff,1431454012.433963,0.0
344,Tx,3962880,11520,0xff,1431454013.458969,Rx,3962880,11520,0xff,1431454013.458969,0.0
345,Tx,3974400,11520,0xff,1431454014.45748,Rx,3974400,11520,0xff,1431454014.45748,0.0
346,Tx,3985920,11520,0xff,1431454015.455987,Rx,3985920,11520,0xff,1431454015.455987,0.0
347,Tx,3997440,11520,0xff,1431454016.452995,Rx,3997440,11520,0xff,1431454016.452995,0.0
348,Tx,4008960,11520,0xff,1431454017.453001,Rx,4008960,11520,0xff,1431454017.453001,0.0
349,Tx,4020480,11520,0xff,1431454018.470507,Rx,4020480,11520,0xff,1431454018.470507,0.0
350,Tx,4032000,11520,0xff,1431454019.475017,Rx,4032000,11520,0xff,1431454019.475017,0.0
351,Tx,4043520,11520,0xff,1431454020.474525,Rx,4043520,11520,0xff,1431454020.474525,0.0
352,Tx,4055040,11520,0xff,1431454021.487034,Rx,4055040,11520,0xff,1431454021.487034,0.0
353,Tx,4066560,11520,0xff,1431454022.485045,Rx,4066560,11520,0xff,1431454022.485045,0.0
354,Tx,4078080,11520,0xff,1431454023.496556,Rx,4078080,11520,0xff,1431454023.496556,0.0
355,Tx,4089600,11520,0xff,1431454024.512066,Rx,4089600,11520,0xff,1431454024.512066,0.0
356,Tx,4101120,11520,0xff,1431454025.525075,Rx,4101120,11520,0xff,1431454025.525075,0.0
357,Tx,4112640,11520,0xff,1431454026.525087,Rx,4112640,11520,0xff,1431454026.525087,0.0
358,Tx,4124160,11520,0xff,1431454027.540597,Rx,4124160,11520,0xff,1431454027.540597,0.0
359,Tx,4135680,11520,0xff,1431454028.541108,Rx,4135680,11520,0xff,1431454028.541108,0.0
360,Tx,4147200,11520,0xff,1431454029.543118,Rx,4147200,11520,0xff,1431454029.543118,0.0
361,Tx,4158720,11520,0xff,1431454030.536624,Rx,4158720,11520,0xff,1431454030.536624,0.0
362,Tx,4170240,11520,0xff,1431454031.536131,Rx,4170240,11520,0xff,1431454031.536131,0.0
363,Tx,4181760,11520,0xff,1431454032.554141,Rx,4181760,11520,0xff,1431454032.554141,0.0
364,Tx,4193280,11520,0xff,1431454033.546648,Rx,4193280,11520,0xff,1431454033.546648,0.0
365,Tx,4204800,11520,0xff,1431454034.555653,Rx,4204800,11520,0xff,1431454034.555653,0.0
366,Tx,4216320,11520,0xff,1431454035.581665,Rx,4216320,11520,0xff,1431454035.581665,0.0
367,Tx,4227840,11520,0xff,1431454036.576171,Rx,4227840,11520,0xff,1431454036.576171,0.0
368,Tx,4239360,11520,0xff,1431454037.581677,Rx,4239360,11520,0xff,1431454037.581677,0.0
369,Tx,4250880,11520,0xff,1431454038.575683,Rx,4250880,11520,0xff,1431454038.575683,0.0
370,Tx,4262400,11520,0xff,1431454039.575193,Rx,4262400,11520,0xff,1431454039.575193,0.0
371,Tx,4273920,11520,0xff,1431454040.5807,Rx,4273920,11520,0xff,1431454040.5807,0.0
372,Tx,4285440,11520,0xff,1431454041.577211,Rx,4285440,11520,0xff,1431454041.577211,0.0
373,Tx,4296960,11520,0xff,1431454042.58072,Rx,4296960,11520,0xff,1431454042.58072,0.0
374,Tx,4308480,11520,0xff,1431454043.582226,Rx,4308480,11520,0xff,1431454043.582226,0.0
375,Tx,4320000,11520,0xff,1431454044.607234,Rx,4320000,11520,0xff,1431454044.607234,0.0
376,Tx,4331520,11520,0xff,1431454045.604241,Rx,4331520,11520,0xff,1431454045.604241,0.0
377,Tx,4343040,11520,0xff,1431454046.633748,Rx,4343040,11520,0xff,1431454046.633748,0.0
378,Tx,4354560,11520,0xff,1431454047.626758,Rx,4354560,11520,0xff,1431454047.626758,0.0
379,Tx,4366080,11520,0xff,1431454048.633267,Rx,4366080,11520,0xff,1431454048.633267,0.0
380,Tx,4377600,11520,0xff,1431454049.625273,Rx,4377600,11520,0xff,1431454049.625273,0.0
381,Tx,4389120,11520,0xff,1431454050.62928,Rx,4389120,11520,0xff,1431454050.62928,0.0
382,Tx,4400640,11520,0xff,1431454051.631789,Rx,4400640,11520,0xff,1431454051.631789,0.0
383,Tx,4412160,11520,0xff,1431454052.630797,Rx,4412160,11520,0xff,1431454052.630797,0.0
384,Tx,4423680,11520,0xff,1431454053.626308,Rx,4423680,11520,0xff,1431454053.626308,0.0
385,Tx,4435200,11520,0xff,1431454054.627316,Rx,4435200,11520,0xff,1431454054.627316,0.0
386,Tx,4446720,11520,0xff,1431454055.632827,Rx,4446720,11520,0xff,1431454055.632827,0.0
387,Tx,4458240,11520,0xff,1431454056.625336,Rx,4458240,11520,0xff,1431454056.625336,0.0
388,Tx,4469760,11520,0xff,1431454057.626343,Rx,4469760,11520,0xff,1431454057.627343,999.9275207519531
389,Tx,4481280,11520,0xff,1431454058.644352,Rx,4481280,11520,0xff,1431454058.644352,0.0
390,Tx,4492800,11520,0xff,1431454059.655863,Rx,4492800,11520,0xff,1431454059.655863,0.0
391,Tx,4504320,11520,0xff,1431454060.65237,Rx,4504320,11520,0xff,1431454060.65237,0.0
392,Tx,4515840,11520,0xff,1431454061.677878,Rx,4515840,11520,0xff,1431454061.677878,0.0
393,Tx,4527360,11520,0xff,1431454062.679387,Rx,4527360,11520,0xff,1431454062.679387,0.0
394,Tx,4538880,11520,0xff,1431454063.670393,Rx,4538880,11520,0xff,1431454063.670393,0.0
395,Tx,4550400,11520,0xff,1431454064.676397,Rx,4550400,11520,0xff,1431454064.676397,0.0
396,Tx,4561920,11520,0xff,1431454065.671404,Rx,4561920,11520,0xff,1431454065.671404,0.0
397,Tx,4573440,11520,0xff,1431454066.670413,Rx,4573440,11520,0xff,1431454066.670413,0.0
398,Tx,4584960,11520,0xff,1431454067.67942,Rx,4584960,11520,0xff,1431454067.67942,0.0
399,Tx,4596480,11520,0xff,1431454068.672426,Rx,4596480,11520,0xff,1431454068.672426,0.0
400,Tx,4608000,11520,0xff,1431454069.676433,Rx,4608000,11520,0xff,1431454069.676433,0.0
401,Tx,4619520,11520,0xff,1431454070.670941,Rx,4619520,11520,0xff,1431454070.670941,0.0
402,Tx,4631040,11520,0xff,1431454071.675452,Rx,4631040,11520,0xff,1431454071.675452,0.0
403,Tx,4642560,11520,0xff,1431454072.670463,Rx,4642560,11520,0xff,1431454072.670463,0.0
404,Tx,4654080,11520,0xff,1431454073.67747,Rx,4654080,11520,0xff,1431454073.67747,0.0
405,Tx,4665600,11520,0xff,1431454074.672978,Rx,4665600,11520,0xff,1431454074.672978,0.0
406,Tx,4677120,11520,0xff,1431454075.677989,Rx,4677120,11520,0xff,1431454075.677989,0.0
407,Tx,4688640,11520,0xff,1431454076.676497,Rx,4688640,11520,0xff,1431454076.676497,0.0
408,Tx,4700160,11520,0xff,1431454077.672507,Rx,4700160,11520,0xff,1431454077.672507,0.0
409,Tx,4711680,11520,0xff,1431454078.690016,Rx,4711680,11520,0xff,1431454078.690016,0.0
410,Tx,4723200,11520,0xff,1431454079.691523,Rx,4723200,11520,0xff,1431454079.691523,0.0
411,Tx,4734720,11520,0xff,1431454080.690528,Rx,4734720,11520,0xff,1431454080.690528,0.0
412,Tx,4746240,11520,0xff,1431454081.700537,Rx,4746240,11520,0xff,1431454081.700537,0.0
413,Tx,4757760,11520,0xff,1431454082.699545,Rx,4757760,11520,0xff,1431454082.699545,0.0
414,Tx,4769280,11520,0xff,1431454083.706051,Rx,4769280,11520,0xff,1431454083.706051,0.0
415,Tx,4780800,11520,0xff,1431454084.703558,Rx,4780800,11520,0xff,1431454084.703558,0.0
416,Tx,4792320,11520,0xff,1431454085.700065,Rx,4792320,11520,0xff,1431454085.700065,0.0
417,Tx,4803840,11520,0xff,1431454086.701073,Rx,4803840,11520,0xff,1431454086.701073,0.0
418,Tx,4815360,11520,0xff,1431454087.701082,Rx,4815360,11520,0xff,1431454087.701082,0.0
419,Tx,4826880,11520,0xff,1431454088.702092,Rx,4826880,11520,0xff,1431454088.702092,0.0
420,Tx,4838400,11520,0xff,1431454089.700599,Rx,4838400,11520,0xff,1431454089.700599,0.0
421,Tx,4849920,11520,0xff,1431454090.719608,Rx,4849920,11520,0xff,1431454090.719608,0.0
422,Tx,4861440,11520,0xff,1431454091.710618,Rx,4861440,11520,0xff,1431454091.710618,0.0
423,Tx,4872960,11520,0xff,1431454092.716124,Rx,4872960,11520,0xff,1431454092.716124,0.0
424,Tx,4884480,11520,0xff,1431454093.715132,Rx,4884480,11520,0xff,1431454093.715132,0.0
425,Tx,4896000,11520,0xff,1431454094.715141,Rx,4896000,11520,0xff,1431454094.715141,0.0
426,Tx,4907520,11520,0xff,1431454095.739649,Rx,4907520,11520,0xff,1431454095.739649,0.0
427,Tx,4919040,11520,0xff,1431454096.737155,Rx,4919040,11520,0xff,1431454096.737155,0.0
428,Tx,4930560,11520,0xff,1431454097.736662,Rx,4930560,11520,0xff,1431454097.736662,0.0
429,Tx,4942080,11520,0xff,1431454098.739172,Rx,4942080,11520,0xff,1431454098.739172,0.0
430,Tx,4953600,11520,0xff,1431454099.732204,Rx,4953600,11520,0xff,1431454099.732204,0.0
431,Tx,4965120,11520,0xff,1431454100.738738,Rx,4965120,11520,0xff,1431454100.738738,0.0
432,Tx,4976640,11520,0xff,1431454101.748254,Rx,4976640,11520,0xff,1431454101.748254,0.0
433,Tx,4988160,11520,0xff,1431454102.75577,Rx,4988160,11520,0xff,1431454102.75577,0.0
434,Tx,4999680,11520,0xff,1431454103.762291,Rx,4999680,11520,0xff,1431454103.762291,0.0
435,Tx,5011200,11520,0xff,1431454104.755805,Rx,5011200,11520,0xff,1431454104.755805,0.0
436,Tx,5022720,11520,0xff,1431454105.762844,Rx,5022720,11520,0xff,1431454105.762844,0.0
437,Tx,5034240,11520,0xff,1431454106.771357,Rx,5034240,11520,0xff,1431454106.771357,0.0
438,Tx,5045760,11520,0xff,1431454107.779872,Rx,5045760,11520,0xff,1431454107.779872,0.0
439,Tx,5057280,11520,0xff,1431454108.788385,Rx,5057280,11520,0xff,1431454108.788385,0.0
440,Tx,5068800,11520,0xff,1431454109.797396,Rx,5068800,11520,0xff,1431454109.797396,0.0
441,Tx,5080320,11520,0xff,1431454110.796403,Rx,5080320,11520,0xff,1431454110.796403,0.0
442,Tx,5091840,11520,0xff,1431454111.801413,Rx,5091840,11520,0xff,1431454111.801413,0.0
443,Tx,5103360,11520,0xff,1431454112.795924,Rx,5103360,11520,0xff,1431454112.795924,0.0
444,Tx,5114880,11520,0xff,1431454113.799932,Rx,5114880,11520,0xff,1431454113.799932,0.0
445,Tx,5126400,11520,0xff,1431454114.820443,Rx,5126400,11520,0xff,1431454114.820443,0.0
446,Tx,5137920,11520,0xff,1431454115.844453,Rx,5137920,11520,0xff,1431454115.844453,0.0
447,Tx,5149440,11520,0xff,1431454116.856465,Rx,5149440,11520,0xff,1431454116.856465,0.0
448,Tx,5160960,11520,0xff,1431454117.859972,Rx,5160960,11520,0xff,1431454117.859972,0.0
449,Tx,5172480,11520,0xff,1431454118.870027,Rx,5172480,11520,0xff,1431454118.870027,0.0
450,Tx,5184000,11520,0xff,1431454119.877085,Rx,5184000,11520,0xff,1431454119.877085,0.0
451,Tx,5195520,11520,0xff,1431454120.884142,Rx,5195520,11520,0xff,1431454120.884142,0.0
452,Tx,5207040,11520,0xff,1431454121.8912,Rx,5207040,11520,0xff,1431454121.8912,0.0
453,Tx,5218560,11520,0xff,1431454122.898258,Rx,5218560,11520,0xff,1431454122.898258,0.0
454,Tx,5230080,11520,0xff,1431454123.905315,Rx,5230080,11520,0xff,1431454123.905315,0.0
455,Tx,5241600,11520,0xff,1431454124.912373,Rx,5241600,11520,0xff,1431454124.912373,0.0
456,Tx,5253120,11520,0xff,1431454125.91943,Rx,5253120,11520,0xff,1431454125.91943,0.0
457,Tx,5264640,11520,0xff,1431454126.927488,Rx,5264640,11520,0xff,1431454126.927488,0.0
458,Tx,5276160,11520,0xff,1431454127.934546,Rx,5276160,11520,0xff,1431454127.934546,0.0
459,Tx,5287680,11520,0xff,1431454128.947085,Rx,5287680,11520,0xff,1431454128.947085,0.0
460,Tx,5299200,11520,0xff,1431454129.943092,Rx,5299200,11520,0xff,1431454129.943092,0.0
461,Tx,5310720,11520,0xff,1431454130.943128,Rx,5310720,11520,0xff,1431454130.943128,0.0
462,Tx,5322240,11520,0xff,1431454131.950676,Rx,5322240,11520,0xff,1431454131.950676,0.0
463,Tx,5333760,11520,0xff,1431454132.957734,Rx,5333760,11520,0xff,1431454132.957734,0.0
464,Tx,5345280,11520,0xff,1431454133.965791,Rx,5345280,11520,0xff,1431454133.965791,0.0
465,Tx,5356800,11520,0xff,1431454134.972849,Rx,5356800,11520,0xff,1431454134.972849,0.0
466,Tx,5368320,11520,0xff,1431454135.979907,Rx,5368320,11520,0xff,1431454135.979907,0.0
467,Tx,5379840,11520,0xff,1431454136.986964,Rx,5379840,11520,0xff,1431454136.986964,0.0
468,Tx,5391360,11520,0xff,1431454137.995022,Rx,5391360,11520,0xff,1431454137.995022,0.0
469,Tx,5402880,11520,0xff,1431454139.002079,Rx,5402880,11520,0xff,1431454139.002079,0.0
470,Tx,5414400,11520,0xff,1431454140.011095,Rx,5414400,11520,0xff,1431454140.011095,0.0
471,Tx,5425920,11520,0xff,1431454141.009107,Rx,5425920,11520,0xff,1431454141.009107,0.0
472,Tx,5437440,11520,0xff,1431454142.013121,Rx,5437440,11520,0xff,1431454142.013121,0.0
473,Tx,5448960,11520,0xff,1431454143.013132,Rx,5448960,11520,0xff,1431454143.013132,0.0
474,Tx,5460480,11520,0xff,1431454144.012142,Rx,5460480,11520,0xff,1431454144.012142,0.0
475,Tx,5472000,11520,0xff,1431454145.010655,Rx,5472000,11520,0xff,1431454145.010655,0.0
476,Tx,5483520,11520,0xff,1431454146.016166,Rx,5483520,11520,0xff,1431454146.016166,0.0
477,Tx,5495040,11520,0xff,1431454147.009174,Rx,5495040,11520,0xff,1431454147.009174,0.0
478,Tx,5506560,11520,0xff,1431454148.016686,Rx,5506560,11520,0xff,1431454148.016686,0.0
479,Tx,5518080,11520,0xff,1431454149.024198,Rx,5518080,11520,0xff,1431454149.024198,0.0
480,Tx,5529600,11520,0xff,1431454150.033212,Rx,5529600,11520,0xff,1431454150.033212,0.0
481,Tx,5541120,11520,0xff,1431454151.040727,Rx,5541120,11520,0xff,1431454151.040727,0.0
482,Tx,5552640,11520,0xff,1431454152.05574,Rx,5552640,11520,0xff,1431454152.05574,0.0
483,Tx,5564160,11520,0xff,1431454153.081749,Rx,5564160,11520,0xff,1431454153.081749,0.0
484,Tx,5575680,11520,0xff,1431454154.073257,Rx,5575680,11520,0xff,1431454154.073257,0.0
485,Tx,5587200,11520,0xff,1431454155.079769,Rx,5587200,11520,0xff,1431454155.079769,0.0
486,Tx,5598720,11520,0xff,1431454156.080279,Rx,5598720,11520,0xff,1431454156.080279,0.0
487,Tx,5610240,11520,0xff,1431454157.079287,Rx,5610240,11520,0xff,1431454157.079287,0.0
488,Tx,5621760,11520,0xff,1431454158.098296,Rx,5621760,11520,0xff,1431454158.099296,1000.1659393310547
489,Tx,5633280,11520,0xff,1431454159.115308,Rx,5633280,11520,0xff,1431454159.115308,0.0
490,Tx,5644800,11520,0xff,1431454160.115315,Rx,5644800,11520,0xff,1431454160.115315,0.0
491,Tx,5656320,11520,0xff,1431454161.140825,Rx,5656320,11520,0xff,1431454161.140825,0.0
492,Tx,5667840,11520,0xff,1431454162.141334,Rx,5667840,11520,0xff,1431454162.141334,0.0
493,Tx,5679360,11520,0xff,1431454163.139344,Rx,5679360,11520,0xff,1431454163.139344,0.0
494,Tx,5690880,11520,0xff,1431454164.149854,Rx,5690880,11520,0xff,1431454164.149854,0.0
495,Tx,5702400,11520,0xff,1431454165.150865,Rx,5702400,11520,0xff,1431454165.150865,0.0
496,Tx,5713920,11520,0xff,1431454166.155875,Rx,5713920,11520,0xff,1431454166.155875,0.0
497,Tx,5725440,11520,0xff,1431454167.173411,Rx,5725440,11520,0xff,1431454167.173411,0.0
498,Tx,5736960,11520,0xff,1431454168.183946,Rx,5736960,11520,0xff,1431454168.183946,0.0
499,Tx,5748480,11520,0xff,1431454169.181956,Rx,5748480,11520,0xff,1431454169.182956,999.9275207519531
500,Tx,5760000,11520,0xff,1431454170.198966,Rx,5760000,11520,0xff,1431454170.198966,0.0
501,Tx,5771520,11520,0xff,1431454171.192504,Rx,5771520,11520,0xff,1431454171.192504,0.0
502,Tx,5783040,11520,0xff,1431454172.199519,Rx,5783040,11520,0xff,1431454172.199519,0.0
503,Tx,5794560,11520,0xff,1431454173.200032,Rx,5794560,11520,0xff,1431454173.200032,0.0
504,Tx,5806080,11520,0xff,1431454174.217043,Rx,5806080,11520,0xff,1431454174.217043,0.0
505,Tx,5817600,11520,0xff,1431454175.209054,Rx,5817600,11520,0xff,1431454175.209054,0.0
506,Tx,5829120,11520,0xff,1431454176.212572,Rx,5829120,11520,0xff,1431454176.212572,0.0
507,Tx,5840640,11520,0xff,1431454177.208592,Rx,5840640,11520,0xff,1431454177.208592,0.0
508,Tx,5852160,11520,0xff,1431454178.224115,Rx,5852160,11520,0xff,1431454178.224115,0.0
509,Tx,5863680,11520,0xff,1431454179.265132,Rx,5863680,11520,0xff,1431454179.265132,0.0
510,Tx,5875200,11520,0xff,1431454180.273646,Rx,5875200,11520,0xff,1431454180.273646,0.0
511,Tx,5886720,11520,0xff,1431454181.288655,Rx,5886720,11520,0xff,1431454181.288655,0.0
512,Tx,5898240,11520,0xff,1431454182.281664,Rx,5898240,11520,0xff,1431454182.282664,1000.1659393310547
513,Tx,5909760,11520,0xff,1431454183.290171,Rx,5909760,11520,0xff,1431454183.290171,0.0
514,Tx,5921280,11520,0xff,1431454184.297185,Rx,5921280,11520,0xff,1431454184.297185,0.0
515,Tx,5932800,11520,0xff,1431454185.307192,Rx,5932800,11520,0xff,1431454185.307192,0.0
516,Tx,5944320,11520,0xff,1431454186.324703,Rx,5944320,11520,0xff,1431454186.324703,0.0
517,Tx,5955840,11520,0xff,1431454187.333713,Rx,5955840,11520,0xff,1431454187.333713,0.0
518,Tx,5967360,11520,0xff,1431454188.33472,Rx,5967360,11520,0xff,1431454188.33472,0.0
519,Tx,5978880,11520,0xff,1431454189.334726,Rx,5978880,11520,0xff,1431454189.334726,0.0
520,Tx,5990400,11520,0xff,1431454190.332732,Rx,5990400,11520,0xff,1431454190.332732,0.0
521,Tx,6001920,11520,0xff,1431454191.340241,Rx,6001920,11520,0xff,1431454191.340241,0.0
522,Tx,6013440,11520,0xff,1431454192.334747,Rx,6013440,11520,0xff,1431454192.334747,0.0
523,Tx,6024960,11520,0xff,1431454193.332753,Rx,6024960,11520,0xff,1431454193.332753,0.0
524,Tx,6036480,11520,0xff,1431454194.333761,Rx,6036480,11520,0xff,1431454194.333761,0.0
525,Tx,6048000,11520,0xff,1431454195.331773,Rx,6048000,11520,0xff,1431454195.331773,0.0
526,Tx,6059520,11520,0xff,1431454196.335781,Rx,6059520,11520,0xff,1431454196.335781,0.0
527,Tx,6071040,11520,0xff,1431454197.331827,Rx,6071040,11520,0xff,1431454197.331827,0.0
528,Tx,6082560,11520,0xff,1431454198.338884,Rx,6082560,11520,0xff,1431454198.338884,0.0
529,Tx,6094080,11520,0xff,1431454199.346415,Rx,6094080,11520,0xff,1431454199.346415,0.0
530,Tx,6105600,11520,0xff,1431454200.353424,Rx,6105600,11520,0xff,1431454200.353424,0.0
531,Tx,6117120,11520,0xff,1431454201.351432,Rx,6117120,11520,0xff,1431454201.351432,0.0
532,Tx,6128640,11520,0xff,1431454202.349441,Rx,6128640,11520,0xff,1431454202.349441,0.0
533,Tx,6140160,11520,0xff,1431454203.350946,Rx,6140160,11520,0xff,1431454203.350946,0.0
534,Tx,6151680,11520,0xff,1431454204.350953,Rx,6151680,11520,0xff,1431454204.350953,0.0
535,Tx,6163200,11520,0xff,1431454205.349962,Rx,6163200,11520,0xff,1431454205.349962,0.0
536,Tx,6174720,11520,0xff,1431454206.345988,Rx,6174720,11520,0xff,1431454206.345988,0.0
537,Tx,6186240,11520,0xff,1431454207.353045,Rx,6186240,11520,0xff,1431454207.353045,0.0
538,Tx,6197760,11520,0xff,1431454208.361103,Rx,6197760,11520,0xff,1431454208.361103,0.0
539,Tx,6209280,11520,0xff,1431454209.368161,Rx,6209280,11520,0xff,1431454209.368161,0.0
540,Tx,6220800,11520,0xff,1431454210.376218,Rx,6220800,11520,0xff,1431454210.376218,0.0
541,Tx,6232320,11520,0xff,1431454211.383276,Rx,6232320,11520,0xff,1431454211.383276,0.0
542,Tx,6243840,11520,0xff,1431454212.390333,Rx,6243840,11520,0xff,1431454212.390333,0.0
543,Tx,6255360,11520,0xff,1431454213.398391,Rx,6255360,11520,0xff,1431454213.398391,0.0
544,Tx,6266880,11520,0xff,1431454214.405447,Rx,6266880,11520,0xff,1431454214.405447,0.0
545,Tx,6278400,11520,0xff,1431454215.412505,Rx,6278400,11520,0xff,1431454215.412505,0.0
546,Tx,6289920,11520,0xff,1431454216.419562,Rx,6289920,11520,0xff,1431454216.419562,0.0
547,Tx,6301440,11520,0xff,1431454217.42762,Rx,6301440,11520,0xff,1431454217.42762,0.0
548,Tx,6312960,11520,0xff,1431454218.435678,Rx,6312960,11520,0xff,1431454218.435678,0.0
549,Tx,6324480,11520,0xff,1431454219.443735,Rx,6324480,11520,0xff,1431454219.443735,0.0
550,Tx,6336000,11520,0xff,1431454220.450793,Rx,6336000,11520,0xff,1431454220.450793,0.0
551,Tx,6347520,11520,0xff,1431454221.45785,Rx,6347520,11520,0xff,1431454221.45785,0.0
552,Tx,6359040,11520,0xff,1431454222.464908,Rx,6359040,11520,0xff,1431454222.464908,0.0
553,Tx,6370560,11520,0xff,1431454223.474938,Rx,6370560,11520,0xff,1431454223.474938,0.0
554,Tx,6382080,11520,0xff,1431454224.474447,Rx,6382080,11520,0xff,1431454224.474447,0.0
555,Tx,6393600,11520,0xff,1431454225.474456,Rx,6393600,11520,0xff,1431454225.474456,0.0
556,Tx,6405120,11520,0xff,1431454226.482464,Rx,6405120,11520,0xff,1431454226.482464,0.0
557,Tx,6416640,11520,0xff,1431454227.472971,Rx,6416640,11520,0xff,1431454227.472971,0.0
558,Tx,6428160,11520,0xff,1431454228.481478,Rx,6428160,11520,0xff,1431454228.481478,0.0
559,Tx,6439680,11520,0xff,1431454229.479985,Rx,6439680,11520,0xff,1431454229.479985,0.0
560,Tx,6451200,11520,0xff,1431454230.477993,Rx,6451200,11520,0xff,1431454230.477993,0.0
561,Tx,6462720,11520,0xff,1431454231.474502,Rx,6462720,11520,0xff,1431454231.474502,0.0
562,Tx,6474240,11520,0xff,1431454232.473011,Rx,6474240,11520,0xff,1431454232.473011,0.0
563,Tx,6485760,11520,0xff,1431454233.48102,Rx,6485760,11520,0xff,1431454233.48102,0.0
564,Tx,6497280,11520,0xff,1431454234.474029,Rx,6497280,11520,0xff,1431454234.474029,0.0
565,Tx,6508800,11520,0xff,1431454235.482535,Rx,6508800,11520,0xff,1431454235.482535,0.0
566,Tx,6520320,11520,0xff,1431454236.481045,Rx,6520320,11520,0xff,1431454236.481045,0.0
567,Tx,6531840,11520,0xff,1431454237.482554,Rx,6531840,11520,0xff,1431454237.482554,0.0
568,Tx,6543360,11520,0xff,1431454238.50506,Rx,6543360,11520,0xff,1431454238.50506,0.0
569,Tx,6554880,11520,0xff,1431454239.501069,Rx,6554880,11520,0xff,1431454239.501069,0.0
570,Tx,6566400,11520,0xff,1431454240.504076,Rx,6566400,11520,0xff,1431454240.504076,0.0
571,Tx,6577920,11520,0xff,1431454241.501085,Rx,6577920,11520,0xff,1431454241.501085,0.0
572,Tx,6589440,11520,0xff,1431454242.507593,Rx,6589440,11520,0xff,1431454242.507593,0.0
573,Tx,6600960,11520,0xff,1431454243.500598,Rx,6600960,11520,0xff,1431454243.500598,0.0
574,Tx,6612480,11520,0xff,1431454244.505608,Rx,6612480,11520,0xff,1431454244.505608,0.0
575,Tx,6624000,11520,0xff,1431454245.501617,Rx,6624000,11520,0xff,1431454245.501617,0.0
576,Tx,6635520,11520,0xff,1431454246.505125,Rx,6635520,11520,0xff,1431454246.505125,0.0
577,Tx,6647040,11520,0xff,1431454247.506634,Rx,6647040,11520,0xff,1431454247.506634,0.0
578,Tx,6658560,11520,0xff,1431454248.504157,Rx,6658560,11520,0xff,1431454248.504157,0.0
579,Tx,6670080,11520,0xff,1431454249.501687,Rx,6670080,11520,0xff,1431454249.501687,0.0
580,Tx,6681600,11520,0xff,1431454250.504704,Rx,6681600,11520,0xff,1431454250.504704,0.0
581,Tx,6693120,11520,0xff,1431454251.509223,Rx,6693120,11520,0xff,1431454251.509223,0.0
582,Tx,6704640,11520,0xff,1431454252.51924,Rx,6704640,11520,0xff,1431454252.51924,0.0
583,Tx,6716160,11520,0xff,1431454253.516759,Rx,6716160,11520,0xff,1431454253.516759,0.0
584,Tx,6727680,11520,0xff,1431454254.517275,Rx,6727680,11520,0xff,1431454254.517275,0.0
585,Tx,6739200,11520,0xff,1431454255.520787,Rx,6739200,11520,0xff,1431454255.520787,0.0
586,Tx,6750720,11520,0xff,1431454256.522297,Rx,6750720,11520,0xff,1431454256.522297,0.0
587,Tx,6762240,11520,0xff,1431454257.519314,Rx,6762240,11520,0xff,1431454257.519314,0.0
588,Tx,6773760,11520,0xff,1431454258.536856,Rx,6773760,11520,0xff,1431454258.536856,0.0
589,Tx,6785280,11520,0xff,1431454259.554876,Rx,6785280,11520,0xff,1431454259.554876,0.0
590,Tx,6796800,11520,0xff,1431454260.562396,Rx,6796800,11520,0xff,1431454260.562396,0.0
591,Tx,6808320,11520,0xff,1431454261.556415,Rx,6808320,11520,0xff,1431454261.556415,0.0
592,Tx,6819840,11520,0xff,1431454262.560926,Rx,6819840,11520,0xff,1431454262.560926,0.0
593,Tx,6831360,11520,0xff,1431454263.560959,Rx,6831360,11520,0xff,1431454263.560959,0.0
594,Tx,6842880,11520,0xff,1431454264.561973,Rx,6842880,11520,0xff,1431454264.561973,0.0
595,Tx,6854400,11520,0xff,1431454265.58199,Rx,6854400,11520,0xff,1431454265.58199,0.0
596,Tx,6865920,11520,0xff,1431454266.587014,Rx,6865920,11520,0xff,1431454266.587014,0.0
597,Tx,6877440,11520,0xff,1431454267.579525,Rx,6877440,11520,0xff,1431454267.579525,0.0
598,Tx,6888960,11520,0xff,1431454268.588065,Rx,6888960,11520,0xff,1431454268.588065,0.0
599,Tx,6900480,11520,0xff,1431454269.587577,Rx,6900480,11520,0xff,1431454269.587577,0.0
600,Tx,6912000,11520,0xff,1431454270.596094,Rx,6912000,11520,0xff,1431454270.596094,0.0
